Name,Birthdate
Bo Block,1960-01-23
Coty Powlowski,1988-02-09
Moshe Jones Jr.,2015-05-07
Violet Marvin,2022-01-05
Savanah Schulist,1964-06-30
Deangelo Hermann,2014-12-17
Kenneth Parker,1955-02-25
Ms. Reba Waelchi,2007-08-05
Wilmer Rolfson,1986-05-29
Jacky Ratke,1979-11-08
Ms. Jeanie Emmerich DVM,2018-06-21
Tessie Hessel,1984-01-27
Roxane Hayes,1990-02-21
Cathrine Doyle,1963-12-19
Jett Herman,1991-11-22
Kraig Koepp,2001-01-05
Christ Kiehn,2022-04-24
Rosella Altenwerth,1959-03-22
Allie Zulauf,1989-11-19
Mr. Chandler Casper,2007-04-20
Keyshawn Quigley,1987-09-08
Veda Monahan,1957-08-19
Alessia Armstrong,2008-09-12
Mercedes Bartell,2015-07-07
Ewell Volkman DDS,1976-04-25
Sigmund Hayes,1981-05-21
Mr. Ernesto Roberts,1954-09-27
Ms. Ashlee Goyette,2001-09-03
Ms. Anabelle Von,1976-12-31
Ms. Vesta Predovic,2012-02-01
Mr. Johann Walker DDS,1963-04-06
Ms. Elenor Gaylord,1959-05-25
Tracey Smith,2007-08-04
Annabel Walsh,2022-09-19
Joannie Rohan,1987-06-27
Ms. Yadira Windler DVM,1984-10-05
Ms. Anne Hills,2021-05-31
Lizeth Thompson,1987-04-11
Norene Emard,2014-12-19
Ms. Margot Hilpert,2014-05-21
Mr. Gustave Friesen I,1988-06-16
Marlon Swaniawski,1976-03-07
Mr. Moises Nikolaus Jr.,2020-08-31
Dallas Cartwright,1990-01-19
Ms. Kathleen Willms V,1977-02-17
Cullen Casper PhD,1953-09-02
Karina Rice,2009-05-01
Hulda Bartell,1952-11-30
Billie Bergnaum,1980-05-08
Mr. Raheem Lemke DDS,2011-06-25
Cyrus Kihn,2011-12-05
Zachery Boyer,1985-06-27
Sandra Hyatt V,2015-01-09
Alan Hand,2016-06-28
Mr. Cordell Kemmer,1975-11-19
Monserrate Hermann,1987-06-28
Gus Herzog,1989-01-31
Ms. Marisol Block PhD,1984-04-18
Rhett Mosciski,2014-05-07
Keaton VonRueden,1975-12-01
Cooper Kuphal,1998-11-10
Patricia Zulauf,1958-10-14
Alisa Zieme,1998-10-28
Mr. Green Armstrong,2021-06-08
Winfield Kris PhD,1983-09-07
Reta Nienow,2002-02-25
Laverna Harvey,2018-11-09
Ms. Arielle Kling III,1987-09-02
Montserrat Cormier,1998-05-21
Maurine O'Conner,1982-06-08
Glenna Leffler,1959-08-29
Elias Reilly,1997-05-20
Jonatan Weber I,1980-11-12
Kenneth Sporer,1979-08-21
Herman Willms,1973-12-25
Zechariah Zboncak,1959-10-02
Daniela Renner,1992-09-12
Madge Barrows,2016-05-22
Emelia Fadel,1979-01-13
Sabrina Paucek,1994-11-28
Mr. Marlin Glover,2020-02-18
Marilie Runolfsson,2022-06-16
Marjorie Reynolds,1971-02-06
Carleton Tillman,2007-11-18
Laurie Koss V,1999-12-10
Deven Tremblay,2012-08-20
Gisselle Bosco,2000-04-13
Mr. Devonte Upton,2006-07-15
Elias Braun,1954-04-02
Ms. Maia Kertzmann PhD,1958-03-14
Mable Hickle,2004-08-16
Sid Shields,2000-12-22
Jeramie Murray,1956-03-30
Donald Parker,1954-08-07
Emmy Herman V,1976-07-27
Lizeth Gislason,2012-02-24
Mae Paucek,2021-09-13
Darwin Ernser Jr.,1996-08-18
Kristy Abshire,2012-06-22
Ms. Tina Pouros II,1960-07-10
Ms. Amina Kutch I,1983-09-11
Ms. Justine Vandervort,1972-05-04
Carmella Dickinson,2004-02-06
Mr. Mavis Carter,1964-11-27
Mr. Gregorio McClure,1964-11-13
Kaden Schmeler,1955-03-19
Raegan Sporer,1985-04-23
Mario Kemmer Sr.,1955-12-28
Candido Herman,2006-02-05
Veda Marks,1986-11-08
Mr. Reggie Nader,1951-04-19
Donavon O'Conner,1970-01-19
Katheryn Cassin,1960-05-25
Ms. Chelsea Barrows DVM,1986-12-23
Ms. Constance Stanton Jr.,1998-01-01
Bernice O'Kon,1988-06-20
Justus Rowe,1979-04-08
Velva Kling,1986-10-25
Ms. Eden Hickle PhD,1950-05-14
Gay Pfannerstill,1991-01-18
Judy Schaefer,2022-06-05
Sophie Skiles,1996-04-20
Kevin Kerluke,1972-11-30
Emmanuel Torp,2015-02-19
Dimitri Fay,1953-12-20
Bettye Stanton,1959-11-16
Crawford Grady,1952-12-17
Donnie Hoppe III,2014-06-23
Reed Sawayn,1970-05-05
Ms. Greta Donnelly,1991-06-27
Lester Schuppe PhD,1995-08-28
Solon Block,2005-05-05
Max Zemlak,2023-03-14
Katelin Weimann,1987-10-05
Lenna Streich,1999-10-21
Isabel Satterfield,1989-06-24
Quinton Leffler,1965-02-14
Karlee Leuschke,2000-02-20
Olaf Romaguera,1965-11-30
Mr. Mariano Eichmann,1984-02-03
Ms. Maymie Marvin I,1960-08-15
Ms. Rae Hintz Sr.,1996-02-29
Tod Nitzsche,2021-03-29
Giovanni Wintheiser,1958-03-27
Nola Ritchie,1954-01-17
Arlo Haley,2007-04-11
Malcolm Waelchi,1994-02-20
Anika Graham,2009-11-22
Rubye Friesen,2012-12-21
Coby Schmidt V,1992-02-20
Mr. Bret Rath,1975-01-22
Noe Smith,1987-09-04
Lenny Boyle,1954-07-07
Marcelina Daniel,1984-07-14
Lauriane Pagac,2003-01-12
Frances Farrell,2008-01-30
Josiane Rowe,1953-09-18
Ms. Rosetta Klocko II,1966-07-12
Retha Reinger,1965-06-09
Moses Hegmann,1963-04-05
Johnson Feeney,2008-05-10
Lessie Gorczany,2008-08-08
Gracie Labadie,2017-11-28
Meagan Hauck,2006-08-29
Emile Harber DVM,2012-03-10
Mittie Ruecker,1962-12-04
Shane Schulist,2016-02-22
Roma Pacocha,1964-02-15
Marlene Bode,2003-11-24
Mr. Elwin Stehr Jr.,2011-12-26
Ms. Melyssa Miller PhD,1980-09-28
Judd Rempel,1975-08-30
Ms. Isabelle Satterfield PhD,1976-05-19
Raul Brekke,1982-02-08
Tre Durgan,2018-05-25
Brennon Moore Jr.,2013-02-09
Betty Beer,2003-01-07
Ms. Charlotte Bergstrom,1988-03-06
Vivian Bogan,1962-03-18
Conrad Glover II,1986-09-09
Amiya Carroll PhD,1969-01-12
Cathrine Lowe V,1995-12-12
Mr. Giovanni Bartell DDS,2021-04-20
Alessandro Considine,1995-07-09
Letitia Trantow,1985-07-03
Alba Hills,2008-08-10
Rashawn Medhurst Sr.,1994-09-09
Manuela Gislason PhD,1995-05-09
Tiara Okuneva,2008-01-19
Clay Conn,2008-05-28
Mr. Paxton Jaskolski,1951-07-26
Shayna Thompson,1985-08-12
Mr. Eleazar O'Conner,1990-01-31
Ms. Sister Runolfsson III,1994-01-05
Ardella Weissnat,2022-11-20
Randall Jacobson,1977-08-22
Bo Hagenes,1993-07-08
Mr. Cristian Steuber,1994-12-24
Martine Zemlak,1989-03-17
Daniela Moen,1964-06-17
